
{
    "j2Elem": 
    [278.12275676836606, 632.4984850487378],

    "sigma_total": 
    [9.128906902938175, 7.286586898209866, 9.417264624845807, 12.255572802469622, 17.708806563314702, 23.487261172737334, 29.973346233147844, 13.539918697272766, 16.71281839041919, 33.10001213267928, 23.9621383623776, 30.782814938310715, 21.768100742112637, 0.5946535970991569, -0.5020899037667554, 0.6568145159668628, -69.77630049005342, -95.50287792142274, -118.97380743219253, -41.627918855192384, -49.76175776477355, -140.0850936583383, -111.99887294234497, -144.76254578242953],

    "D": 
    [1.4148097197106985e-19, 1.5850997886667009e-19, 0.00016618557813756078, 5.225482575683693e-6, 8.496893271510412e-5, -0.00028727423550170875, 0.0005135141183526787, -1.1639875135551348e-5, 0.00010411961571290821, -0.0002525497049166869, 0.00014626009956910939, 7.214177249389669e-5]
}