
{
    "j2Elem": 
    [467.0537067411873, 907.1519772262972, 478.91074936161976, 542.2144988632768, 1532.303077533172, 692.4647775030522, 1460.2920580898783, 1347.6915431141613],

    "sigma_total": 
    [-1.04139010051962, 29.095332374692475, 39.869192595627155, -9.840986328361454, -0.23665505144697363, 0.2710095703388973, -30.373377526659063, 20.29573614685064, 29.602996996478357, -39.172973754500894, -9.036251279288805, -9.9951860288099, 106.68247199297242, 37.38027568341291, 44.69330468817099, 117.87777046373104, 74.69793725260831, 95.07214780658475, 144.00013356216778, 48.575574154171505, 57.754486237389344, 155.19543203292642, 85.8932357233669, 108.13332935580311, -78.07382761848157, 18.403555647853757, 29.897238791861987, -87.02545384398212, -11.435198437148085, -10.385079222890496, -107.91258170348341, 9.451929422353205, 19.45367486211135, -116.86420792898397, -20.386824662648642, -20.828643152641142, -49.76310240886802, -44.33668012738691, -57.65076497374612, -40.963506180970064, -15.004692701060396, -18.05258194820532, -20.431114982541512, -35.53708389948896, -47.38456937453184, -11.631518754643558, -6.205096473162442, -7.786386348991044, -155.12025656559592, -169.73724588830083, -222.84753518662285, -140.27003261348926, -120.23649938127863, -156.02152740214285, -105.6195100585737, -154.88702193619417, -205.52227390916505, -90.769286106467, -105.38627542917195, -138.69626612468502, -25.80023057072339, 9.458915616552861, 14.50039848790999, -51.59370711395351, -76.51933952754756, -101.57024595662557, -111.77848571482376, -16.33456092667725, -15.591990812525125, -137.57196225805387, -102.31281607077767, -131.66263525706069, 49.84540274790997, -15.38005584381704, -24.0545787655904, 103.29643602427205, 162.79005507738992, 216.475070978039, 228.01551366911684, 38.070977432545, 38.304960056831966, 146.08816093371203, 134.47867358997235, 136.93540131121372, -26.230988666926656, 153.62448884570242, 211.76394834019828, -52.93855196179513, 64.5992778628075, 91.57991351329017, -115.25619964982155, 126.91692555083392, 180.60512449618508, -141.96376294469002, 37.891714567939005, 60.42108966927693],

    "D": 
    [-9.03623072904057e-16, -1.9004470206745842e-15, 0.00040309954483677327, 4.554561725635985e-5, 0.00019018320008438948, -3.424441245656332e-5, 0.0006543834728206118, 6.852451281351547e-5, -6.145416885370751e-16, -1.8007137706872048e-16, -2.3718623688991368e-5, -0.00023083289803539533, 0.00022250917496806808, -0.0004353355953843559, 0.0009041773969472147, 1.5905202188235126e-5, 1.0689885643052126e-16, -4.18738081604144e-17, 0.0004143358215432571, -2.9383634771220606e-5, 0.0009494851225123431, 0.00016934348827376755, 0.00129360736446909, 0.00031502141315018715, 0.0, 0.0, 0.0008505862150811927, -0.0003190209631891068, 0.0001405519637937116, -0.0007711538275472663, 0.0012886056066937508, -4.899248251004736e-5]
}